Symbol,Name,Last Sale,Net Change,% Change,Market Cap,Country,IPO Year,Volume,Sector,Industry
AAU,Almaden Minerals Ltd. Common Shares,$0.2951,-0.0026,-0.873%,40494038.00,Canada,2015,312227,,
ACU,Acme United Corporation. Common Stock,$32.7599,0.6399,1.992%,116614990.00,United States,1988,5473,Consumer Durables,Home Furnishings
ACY,AeroCentury Corp. Common Stock,$9.33,0.21,2.303%,206044233.00,United States,,139376,Technology,Diversified Commercial Services
ADRA,Adara Acquisition Corp. Class A Common Stock,$9.78,0.00,0.00%,140587500.00,United States,2021,69,,
AE,Adams Resources & Energy Inc. Common Stock,$29.31,-0.2463,-0.833%,127645079.00,United States,,6727,Energy,Oilfield Services/Equipment
AEF,Aberdeen Emerging Markets Equity Income Fund Inc. Common Stock,$8.12,-0.06,-0.733%,412104437.00,United States,,66534,Finance,Finance/Investors Services
AGE,AgeX Therapeutics Inc. Common Stock,$0.9369,-0.0434,-4.427%,35545214.00,,2018,190588,Health Care,Biotechnology: Pharmaceutical Preparations
AIM,AIM ImmunoTech Inc. Common Stock,$0.91,-0.0239,-2.559%,36117911.00,United States,,276988,Health Care,Biotechnology: Biological Products (No Diagnostic Substances)
AINC,Ashford Inc. (Holding Company) Common Stock,$16.53,-1.115,-6.319%,49964735.00,United States,2014,7150,Finance,Investment Managers
AIRI,Air Industries Group Common Stock,$0.8894,-0.0106,-1.178%,28574649.00,United States,,130164,Capital Goods,Military/Government/Technical
AMBO,Ambow Education Holding Ltd. American Depository Shares each representing two Class A ordinary shares,$0.8943,-0.0007,-0.078%,20783833.00,China,,27242,Miscellaneous,Service to the Health Industry
AMPE,Ampio Pharmaceuticals Inc.,$0.48,-0.02,-4.00%,109022249.00,United States,,1438269,Health Care,Biotechnology: Pharmaceutical Preparations
AMS,American Shared Hospital Services Common Stock,$2.3347,-0.0453,-1.903%,13700020.00,United States,,13190,Health Care,Medical Specialities
APT,Alpha Pro Tech Ltd. Common Stock,$6.07,0.13,2.189%,80320613.00,Canada,,411580,,
ARMP,Armata Pharmaceuticals Inc. Common Stock,$5.8276,0.1776,3.143%,157848116.00,United States,,71316,Health Care,Biotechnology: Biological Products (No Diagnostic Substances)
ASM,Avino Silver & Gold Mines Ltd. Common Shares (Canada),$0.782,-0.0242,-3.002%,79954191.00,Canada,,410792,,
ASXC,Asensus Surgical Inc. Common Stock,$0.9304,-0.0196,-2.063%,218830080.00,United States,,2258498,Health Care,Medical/Dental Instruments
ATNM,Actinium Pharmaceuticals Inc. (Delaware) Common Stock,$5.70,-0.16,-2.73%,125575777.00,United States,,91451,Health Care,Biotechnology: Pharmaceutical Preparations
AUMN,Golden Minerals Company Common Stock,$0.39,0.022,5.978%,63493799.00,United States,,1118693,Basic Industries,Metal Mining
AWX,Avalon Holdings Corporation Common Stock,$3.66,-0.08,-2.139%,14271917.00,United States,,70458,Public Utilities,Environmental Services
AXU,Alexco Resource Corp Common Shares (Canada),$1.70,-0.03,-1.734%,256544149.00,Canada,,583660,,
BATL,Battalion Oil Corporation Common Stock,$11.2111,0.0711,0.638%,182448466.00,,,6367,Energy,Oil & Gas Production
BCV,Bancroft Fund Ltd.,$25.21,-0.30,-1.176%,139103385.00,United States,,21863,Finance,Finance/Investors Services
BCV^A,Bancroft Fund Limited 5.375% Series A Cumulative Preferred Shares,$25.41,0.06,0.237%,,United States,,862,,
BDL,Flanigan's Enterprises Inc. Common Stock,$32.25,0.06,0.186%,59941366.00,United States,,3987,Consumer Services,Restaurants
BDR,Blonder Tongue Laboratories Inc. Common Stock,$0.521,-0.0377,-6.748%,6459236.00,United States,,106455,Technology,Radio And Television Broadcasting And Communications Equipment
BGI,Birks Group Inc. Common Stock,$4.81,0.12,2.559%,88162216.00,Canada,,154927,,
BHB,Bar Harbor Bankshares Inc. Common Stock,$30.70,0.50,1.656%,460094330.00,United States,,28505,Finance,Major Banks
BKTI,BK Technologies Corporation Common Stock,$2.51,-0.04,-1.569%,42203983.00,United States,,19597,Technology,Radio And Television Broadcasting And Communications Equipment
BMTX,BM Technologies Inc. Common Stock,$9.81,0.02,0.204%,119744568.00,,2018,52998,Technology,EDP Services
BRBS,Blue Ridge Bankshares Inc. Common Stock,$18.02,-0.08,-0.442%,338324275.00,,,112891,Finance,Commercial Banks
BRG,Bluerock Residential Growth REIT Inc. Class A Common Stock,$26.53,0.03,0.113%,731419525.00,,2014,233724,Consumer Services,Real Estate Investment Trusts
BRG^C,Bluerock Residential Growth REIT Inc. 7.625% Series C Cumulative Redeemable Preferred Stock,$25.57,0.10,0.393%,,,,5648,,
BRG^D,Bluerock Residential Growth REIT Inc. 7.125% Series D Cumulative Preferred Stock ($0.01 par value per share),$25.29,0.04,0.158%,,,,27813,,
BRN,Barnwell Industries Inc. Common Stock,$2.81,-0.03,-1.056%,26542206.00,United States,,17233,Energy,Oil & Gas Production
BTG,B2Gold Corp Common shares (Canada),$3.62,-0.08,-2.162%,3821216230.00,Canada,,6376914,,
BTN,Ballantyne Strong Inc. Common Stock,$2.95,0.00,0.00%,54501303.00,United States,,36439,Miscellaneous,Industrial Machinery/Components
BTTR,Better Choice Company Inc. Common Stock,$2.95,0.09,3.147%,86261885.00,,2021,25294,Consumer Non-Durables,Food Distributors
CANF,Can-Fite Biopharma Ltd Sponsored ADR (Israel),$1.31,-0.03,-2.239%,35620921.00,Israel,,533267,Health Care,Biotechnology: Pharmaceutical Preparations
CCF,Chase Corporation Common Stock,$96.57,0.03,0.031%,913521780.00,United States,,23322,Basic Industries,Paints/Coatings
CEI,Camber Energy Inc. Common Stock,$0.7198,-0.0518,-6.713%,179950000.00,United States,,13803440,Energy,Oil & Gas Production
CET,Central Securities Corporation Common Stock,$43.10,-0.66,-1.508%,1131112219.00,United States,,64303,Finance,Finance/Investors Services
CEV,Eaton Vance California Municipal Income Trust Shares of Beneficial Interest,$13.11,-0.12,-0.907%,93521168.00,United States,1999,31167,Finance,Finance/Investors Services
CIK,Credit Suisse Asset Management Income Fund Inc. Common Stock,$3.45,0.00,0.00%,180539518.00,United States,,194132,Finance,Finance/Investors Services
CIX,CompX International Inc. Common Stock,$22.01,0.08,0.365%,273048511.00,United States,1998,8453,Miscellaneous,Diversified Manufacture
CKX,CKX Lands Inc. Common Stock,$11.50,0.00,0.00%,22338693.00,United States,,28,Energy,Oil & Gas Production
CLM,Cornerstone Strategic Value Fund Inc. New Common Stock,$14.17,-0.40,-2.745%,1670341278.00,United States,1987,1631823,Finance,Finance/Investors Services
CMCL,Caledonia Mining Corporation Plc Common Shares,$11.95,-0.03,-0.25%,152441442.00,Canada,,23697,Basic Industries,Precious Metals
CMT,Core Molding Technologies Inc Common Stock,$9.07,0.22,2.486%,73315341.00,United States,,17618,Consumer Durables,Electronic Components
COHN,Cohen & Company Inc.,$15.06,-0.04,-0.265%,25563492.00,United States,,3862,Finance,Investment Managers
CPHI,China Pharma Holdings Inc. Common Stock,$0.4112,-0.0218,-5.035%,19466026.00,China,,118491,Health Care,Biotechnology: Pharmaceutical Preparations
CQP,Cheniere Energy Partners LP Cheniere Energy Partners LP Common Units,$46.39,-1.50,-3.132%,22453948651.00,United States,2007,416935,Public Utilities,Oil/Gas Transmission
CRF,Cornerstone Total Return Fund Inc. (The) Common Stock,$13.68,-0.26,-1.865%,851256235.00,United States,,750619,Finance,Finance/Investors Services
CTEK,CynergisTek Inc. Common Stock,$1.39,-0.04,-2.797%,18328607.00,United States,2017,53866,Technology,Retail: Computer Software & Peripheral Equipment
CTGO,Contango ORE Inc. Common Stock,$25.50,0.00,0.00%,170486523.00,,2021,525,Basic Industries,Precious Metals
CVM,Cel-Sci Corporation Common Stock,$6.10,-0.06,-0.974%,263791438.00,United States,,518070,Health Care,Biotechnology: Biological Products (No Diagnostic Substances)
CVR,Chicago Rivet & Machine Co. Common Stock,$25.75,0.05,0.195%,24877899.00,United States,,1020,Consumer Non-Durables,Industrial Specialties
CVU,CPI Aerostructures Inc. Common Stock,$2.59,0.00,0.00%,31976707.00,United States,,29878,Capital Goods,Military/Government/Technical
CYBN,Cybin Inc. Common Shares,$1.05,0.00,0.00%,169434257.00,,,636272,,
DHY,Credit Suisse High Yield Bond Fund Common Stock,$2.46,-0.02,-0.806%,254643788.00,United States,1998,318764,Finance,Finance/Investors Services
DIT,AMCON Distributing Company Common Stock,$194.01,-5.10,-2.561%,113066894.00,United States,,3077,Consumer Non-Durables,Food Distributors
DLA,Delta Apparel Inc. Common Stock,$32.21,-0.70,-2.127%,226624503.00,United States,,17259,Consumer Non-Durables,Department/Specialty Retail Stores
DMF,BNY Mellon Municipal Income Inc. Common Stock,$8.65,-0.07,-0.803%,179533613.00,United States,1988,76431,Finance,Finance/Investors Services
DNN,Denison Mines Corp Ordinary Shares (Canada),$1.37,-0.06,-4.196%,1106086596.00,Canada,,8283521,,
DSS,DSS Inc. Common Stock,$0.6656,-0.0284,-4.092%,53078862.00,United States,,238890,Consumer Services,Recreational Products/Toys
DXF,Dunxin Financial Holdings Limited American Depositary Shares,$1.015,-0.025,-2.404%,21192375.00,China,,132446,Consumer Non-Durables,Apparel
DXR,Daxor Corporation Common Stock,$11.37,-0.15,-1.302%,45865181.00,United States,,6165,Health Care,Medical/Dental Instruments
EAD,Allspring Income Opportunities Fund Common Shares,$8.74,-0.09,-1.019%,529523510.00,United States,2003,200601,Finance,Finance/Investors Services
ECF,Ellsworth Growth and Income Fund Ltd.,$11.46,-0.35,-2.964%,154703789.00,United States,1986,238485,Finance,Finance/Investors Services
ECF^A,Ellsworth Growth and Income Fund Ltd. 5.25% Series A Cumulative Preferred Shares (Liquidation Preference $25.00 per share),$25.595,-0.0049,-0.019%,,United States,,1233,,
EIM,Eaton Vance Municipal Bond Fund Common Shares of Beneficial Interest $.01 par value,$13.15,-0.07,-0.53%,946184370.00,United States,2002,136706,Finance,Finance/Investors Services
ELA,Envela Corporation Common Stock,$4.10,0.00,0.00%,110389962.00,United States,,7212,Consumer Services,Consumer Specialties
ELLO,Ellomay Capital Ltd Ordinary Shares (Israel),$29.12,-0.58,-1.953%,374171470.00,Israel,,916,Public Utilities,Electric Utilities: Central
ELMD,Electromed Inc. Common Stock,$12.75,-0.01,-0.078%,109262897.00,United States,2011,4333,Health Care,Biotechnology: Electromedical & Electrotherapeutic Apparatus
EMAN,eMagin Corporation Common Stock,$1.38,-0.07,-4.828%,100297967.00,United States,,406579,Capital Goods,Industrial Machinery/Components
EMX,EMX Royalty Corporation Common Shares (Canada),$2.16,-0.07,-3.139%,227560776.00,Canada,,118225,,
ENSV,Enservco Corporation Common Stock,$0.8274,-0.043,-4.94%,9459072.00,United States,,177487,Energy,Oilfield Services/Equipment
ENX,Eaton Vance New York Municipal Bond Fund Common Shares of Beneficial Interest $.01 par value,$11.92,-0.02,-0.168%,215970064.00,United States,2002,30789,Finance,Finance/Investors Services
EPM,Evolution Petroleum Corporation Inc. Common Stock,$5.30,-0.09,-1.67%,178248270.00,United States,,60841,Energy,Oil & Gas Production
EQX,Equinox Gold Corp. Common Shares,$6.98,0.00,0.00%,2102007763.00,Canada,,1410327,,
ERC,Allspring Multi-Sector Income Fund Common Stock,$12.84,-0.17,-1.307%,360702204.00,United States,2003,73790,Finance,Finance/Investors Services
ERH,Allspring Utilities and High Income Fund Common Shares,$14.60,-0.125,-0.849%,135578228.00,,2004,6242,Finance,Finance/Investors Services
ESP,Espey Mfg. & Electronics Corp. Common Stock,$13.25,0.18,1.377%,32184091.00,United States,,506,Capital Goods,Industrial Machinery/Components
EVBN,Evans Bancorp Inc. Common Stock,$40.10,-0.19,-0.472%,219219602.00,United States,,4328,Finance,Major Banks
EVI,EVI Industries Inc.  Common Stock,$27.48,-0.38,-1.364%,363002776.00,United States,,34740,Capital Goods,Industrial Machinery/Components
EVM,Eaton Vance California Municipal Bond Fund Common Shares of Beneficial Interest $.01 par value,$11.32,-0.12,-1.049%,282935917.00,United States,2002,59504,Finance,Finance/Investors Services
EVV,Eaton Vance Limited Duration Income Fund Common Shares of Beneficial Interest,$12.87,-0.17,-1.304%,1495111220.00,United States,2003,487028,Finance,Finance/Investors Services
EXN,Excellon Resources Inc. Common Shares,$0.7901,-0.0356,-4.311%,26116669.00,,2020,50901,,
FAX,Aberdeen Asia-Pacific Income Fund Inc Common Stock,$3.83,-0.04,-1.034%,948674795.00,United States,1986,1907371,Finance,Investment Managers
FCO,Aberdeen Global Income Fund Inc. Common Stock,$7.29,0.02,0.275%,64612589.00,United States,1992,44837,Finance,Investment Managers
FEN,First Trust Energy Income and Growth Fund,$15.75,0.00,0.00%,306267728.00,United States,2004,134206,Finance,Finance/Investors Services
FRD,Friedman Industries Inc. Common Stock,$11.83,0.15,1.284%,81692503.00,United States,,9985,Basic Industries,Steel/Iron Ore
FSI,Flexible Solutions International Inc. Common Stock (CDA),$3.74,0.05,1.355%,46103900.00,Canada,,22849,Capital Goods,Recreational Products/Toys
FSP,Franklin Street Properties Corp. Common Stock,$6.14,0.19,3.193%,648584932.00,United States,,598037,Consumer Services,Real Estate Investment Trusts
FTF,Franklin Limited Duration Income Trust Common Shares of Beneficial Interest,$9.06,0.10,1.116%,273129646.00,United States,2003,383002,Finance,Finance/Investors Services
FTSI,FTS International Inc. Class A Common Stock,$26.35,0.09,0.343%,370556124.00,United States,2020,64000,Energy,Oilfield Services/Equipment
FURY,Fury Gold Mines Limited Common Shares,$0.7055,0.0065,0.93%,88464185.00,,2020,241529,,
GAU,Galiano Gold Inc.,$0.6852,-0.0161,-2.296%,154131254.00,Canada,,315616,,
GBR,New Concept Energy Inc Common Stock,$2.49,-0.10,-3.861%,12778516.00,United States,,83328,Consumer Services,Real Estate
GGN,GAMCO Global Gold Natural Resources & Income Trust,$3.85,-0.03,-0.773%,593042196.00,United States,2005,555193,Finance,Finance/Investors Services
GGN^B,GAMCO Global Gold Natural Reources & Income Trust 5.00% Series B Cumulative 25.00 Liquidation Preference,$25.17,0.01,0.04%,,United States,,3976,,
GLDG,GoldMining Inc. Common Shares,$1.57,-0.14,-8.187%,235880113.00,,,1582254,,
GLO,Clough Global Opportunities Fund Common Stock,$11.01,0.07,0.64%,441353598.00,United States,2006,362567,Finance,Finance/Investors Services
GLQ,Clough Global Equity Fund Clough Global Equity Fund Common Shares of Beneficial Interest,$13.37,-0.03,-0.224%,236863963.00,United States,2005,123765,Finance,Finance/Investors Services
GLTA,Galata Acquisition Corp. Class A Ordinary Shares,$9.81,0.00,0.00%,176273438.00,,2021,23195,,
GLU,Gabelli Global Utility Common Shares of Beneficial Ownership,$21.276,-0.004,-0.019%,114360394.00,United States,2004,4088,Finance,Finance/Investors Services
GLU^A,The Gabelli Global Utility and Income Trust Series A Cumulative Puttable and Callable Preferred Shares,$48.58,-0.02,-0.041%,,United States,,1015,,
GLU^B,The Gabelli Global Utility and Income Trust Series B Cumulative Puttable and Callable Preferred Shares,$51.24,-0.0099,-0.019%,,United States,,919,,
GLV,Clough Global Dividend and Income Fund Common Shares of beneficial interest,$10.82,0.005,0.046%,122279990.00,United States,2004,46736,Finance,Finance/Investors Services
GOED,1847 Goedeker Inc. Commom Stock,$2.22,-0.01,-0.448%,236179877.00,United States,2020,1523345,Capital Goods,Recreational Products/Toys
GORO,Gold Resource Corporation Common Stock,$1.65,-0.03,-1.786%,145688910.00,United States,,696655,Basic Industries,Precious Metals
GPL,Great Panther Mining Limited Ordinary Shares (Canada),$0.2364,-0.002,-0.839%,105300341.00,Canada,,1788762,,
GRF,Eagle Capital Growth Fund Inc. Common Stock,$10.29,-0.06,-0.58%,41769343.00,United States,,4713,Finance,Finance/Investors Services
GROY,Gold Royalty Corp. Common Shares,$4.50,-0.12,-2.597%,602673755.00,,2021,269019,,
GSAT,Globalstar Inc. Common Stock,$1.01,-0.05,-4.717%,1810930000.00,United States,2006,5353654,Consumer Services,Telecommunications Equipment
GSS,Golden Star Resources Ltd Common Stock,$3.84,-0.01,-0.26%,444384180.00,United States,,758812,,
GSV,Gold Standard Ventures Corporation Common Stock (Canada),$0.42,0.0001,0.024%,150347505.00,Canada,,450042,,
GTE,Gran Tierra Energy Inc. Common Stock,$0.8362,-0.0266,-3.083%,307006231.00,Canada,,1561611,Energy,Oil & Gas Production
HMG,HMG/Courtland Properties Inc. Common Stock,$23.005,0.005,0.022%,23392588.00,United States,,720,Consumer Services,Real Estate Investment Trusts
HNW,Pioneer Diversified High Income Fund Inc.,$15.30,-0.01,-0.065%,127491687.00,United States,2007,13692,Finance,Finance/Investors Services
HUSA,Houston American Energy Corporation Common Stock,$1.5579,-0.0621,-3.833%,15467358.00,United States,,101506,Energy,Oil & Gas Production
HWM^,Howmet Aerospace Inc. $3.75 Preferred Stock,$75.00,-0.9999,-1.316%,,United States,,134,,
IAF,Aberdeen Australia Equity Fund Inc Common Stock,$5.88,-0.03,-0.508%,140629537.00,United States,,93271,Finance,Finance/Investors Services
IBIO,iBio Inc. Common Stock,$0.4925,-0.0075,-1.50%,107344115.00,United States,,1484284,Health Care,Biotechnology: Pharmaceutical Preparations
ID,PARTS iD Inc. Class A Common Stock,$2.04,-0.05,-2.392%,67673850.00,United States,2017,23070,Miscellaneous,Diversified Commercial Services
IDW,IDW Media Holdings Class B Common Stock,$2.38,0.10,4.386%,30855367.00,,2021,2981,Consumer Services,Newspapers/Magazines
IGC,India Globalization Capital Inc. Common Stock,$1.00,-0.015,-1.478%,51054017.00,United States,,188114,Technology,Engineering & Construction
IHT,InnSuites Hospitality Trust Shares of Beneficial Interest,$2.73,0.13,5.00%,24673025.00,United States,,30305,Consumer Services,Real Estate Investment Trusts
IMH,Impac Mortgage Holdings Inc. Common Stock ,$1.06,-0.02,-1.852%,22612645.00,United States,1997,16323,Finance,Finance: Consumer Services
IMO,Imperial Oil Limited Common Stock,$39.86,0.38,0.963%,27727067853.00,Canada,,462974,,
INDO,Indonesia Energy Corporation Limited Ordinary Shares,$2.8987,-0.2612,-8.266%,21574894.00,,2019,7420,Energy,Oil & Gas Production
INFU,InfuSystems Holdings Inc. Common Stock,$16.40,0.29,1.80%,338650931.00,United States,,30915,Health Care,Medical/Dental Instruments
INTT,inTest Corporation Common Stock,$13.34,0.45,3.491%,145051049.00,United States,1997,207991,Technology,Semiconductors
INUV,Inuvo Inc.,$0.4744,-0.0233,-4.682%,56333789.00,United States,,558247,Technology,Advertising
IOR,Income Opportunity Realty Investors Inc. Common Stock,$11.70,0.00,0.00%,48770444.00,United States,,11,Finance,Diversified Financial Services
ISDR,Issuer Direct Corporation Common Stock,$28.48,-0.325,-1.128%,107968762.00,United States,,3532,Technology,EDP Services
ISR,IsoRay Inc. Common Stock (DE),$0.385,0.0024,0.627%,54637377.00,United States,,397653,Health Care,Medical/Dental Instruments
ITP,IT Tech Packaging Inc. Common Stock,$0.2235,-0.0055,-2.402%,22137653.00,China,,346019,Basic Industries,Paper
ITRG,Integra Resources Corp. Common Shares,$2.07,-0.025,-1.193%,128562121.00,,,57085,,
JOB,GEE Group Inc. Common Stock,$0.5509,-0.0085,-1.519%,62857941.00,United States,,350002,Technology,Diversified Commercial Services
KIQ,Kelso Technologies Inc Ordinary Shares,$0.5498,-0.0306,-5.272%,29837693.00,Canada,,76109,,
KULR,KULR Technology Group Inc. Common Stock,$2.65,0.00,0.00%,277553331.00,United States,,360999,,
LCTX,Lineage Cell Therapeutics Inc. Common Stock,$1.84,-0.04,-2.128%,275965678.00,United States,,884532,Health Care,Biotechnology: Biological Products (No Diagnostic Substances)
LEU,Centrus Energy Corp. Class A Common Stock,$46.01,-2.98,-6.083%,644936111.00,United States,2014,125788,,
LGL,LGL Group Inc. (The) Common Stock,$10.55,-0.26,-2.405%,56017504.00,United States,,12039,Capital Goods,Industrial Machinery/Components
LNG,Cheniere Energy Inc. Common Stock,$112.71,-1.59,-1.391%,28581954538.00,United States,,1564665,Public Utilities,Oil/Gas Transmission
LODE,Comstock Mining Inc. Common Stock,$1.52,-0.08,-5.00%,104571606.00,United States,,1187690,Finance,Real Estate
LOV,Spark Networks Inc. American Depositary Shares (each representing one-tenth of an Ordinary Share),$3.46,0.04,1.17%,90476024.00,United States,2017,73526,Miscellaneous,Other Consumer Services
LSF,Laird Superfood Inc. Common Stock,$10.49,-0.30,-2.78%,94978306.00,,2020,25545,Consumer Non-Durables,Specialty Foods
LXFR,Luxfer Holdings PLC Ordinary Shares,$18.38,-0.24,-1.289%,509216393.00,United Kingdom,2012,87352,Capital Goods,Metal Fabrications
MAG,MAG Silver Corporation Ordinary Shares,$15.23,-0.45,-2.87%,1488340358.00,Canada,,217707,,
MHH,Mastech Digital Inc Common Stock,$16.85,0.10,0.597%,192730519.00,United States,,3380,Consumer Services,Professional Services
MIMO,Airspan Networks Holdings Inc. Common Stock,$3.63,0.07,1.966%,261448706.00,,2020,246013,Consumer Services,Telecommunications Equipment
MITQ,Moving iMage Technologies Inc. Common Stock,$1.79,-0.0399,-2.18%,19038938.00,United States,2021,64124,Capital Goods,Telecommunications Equipment
MLSS,Milestone Scientific Inc. Common Stock,$1.82,-0.09,-4.712%,123479593.00,United States,2015,247181,Health Care,Industrial Specialties
MMX,Maverix Metals Inc. Common Shares,$4.67,0.31,7.11%,681097808.00,,,639011,,
MSN,Emerson Radio Corporation Common Stock,$0.83,0.0159,1.953%,17465401.00,United States,,143753,Consumer Non-Durables,Consumer Electronics/Appliances
MTA,Metalla Royalty & Streaming Ltd. Common Shares,$6.84,-0.26,-3.662%,300560229.00,,,139506,,
MTNB,Matinas Biopharma Holdings Inc. Common Stock,$0.87,-0.0372,-4.101%,188135349.00,United States,2017,1251925,Health Care,Biotechnology: Pharmaceutical Preparations
MXC,Mexco Energy Corporation Common Stock,$9.96,-0.13,-1.288%,21131793.00,United States,,13107,Energy,Oil & Gas Production
MYO,Myomo Inc. Common Stock,$8.40,0.18,2.19%,57622345.00,United States,2017,42361,Health Care,Industrial Specialties
NAK,Northern Dynasty Minerals Ltd. Common Stock,$0.34,-0.0085,-2.439%,180112208.00,Canada,,1949355,,
NAVB,Navidea Biopharmaceuticals Inc. Common Stock,$1.06,-0.02,-1.852%,31999800.00,United States,,29900,Health Care,Biotechnology: In Vitro & In Vivo Diagnostic Substances
NBH,Neuberger Berman Municipal Fund Inc. Common Stock,$15.56,0.21,1.368%,293072429.00,United States,2002,49631,Finance,Finance/Investors Services
NBO,Neuberger Berman New York Municipal Fund Inc. Common Stock,$12.58,-0.122,-0.96%,63873906.00,United States,2002,13339,Finance,Finance/Investors Services
NBW,Neuberger Berman California Municipal Fund Inc Common Stock,$13.85,0.06,0.435%,76881959.00,United States,2002,8203,Finance,Finance/Investors Services
NBY,NovaBay Pharmaceuticals Inc. Common Stock,$0.3432,-0.0318,-8.48%,15429711.00,United States,2007,1319056,Health Care,Biotechnology: Pharmaceutical Preparations
NEN,New England Realty Associates Limited Partnership Class A Depositary Receipts Evidencing Units of Limited Partnership,$75.00,3.35,4.676%,273952200.00,United States,,5083,Finance,Real Estate
NES,Nuverra Environmental Solutions Inc. Common Stock,$2.21,-0.01,-0.45%,35823262.00,United States,2017,692378,Public Utilities,Water Supply
NEWP,New Pacific Metals Corp. Common Shares,$2.75,-0.14,-4.844%,427789343.00,,2021,150047,,
NFGC,New Found Gold Corp Common Shares,$6.45,-0.27,-4.018%,1059040928.00,,2021,118103,,
NG,Novagold Resources Inc.,$6.65,0.02,0.302%,2205655727.00,Canada,,1077520,,
NGD,New Gold Inc.,$1.67,-0.04,-2.339%,1137103000.00,Canada,,10927937,,
NHC,National HealthCare Corporation Common Stock,$68.35,-0.10,-0.146%,1054185289.00,United States,,17616,Health Care,Hospital/Nursing Management
NHS,Neuberger Berman High Yield Strategies Fund,$12.05,-0.07,-0.578%,176696404.00,United States,,66243,Finance,Trusts Except Educational Religious and Charitable
NILE,BitNile Holdings Inc. Common Stock,$1.06,-0.04,-3.636%,89390910.00,United States,,801875,Finance,Investment Bankers/Brokers/Service
NML,Neuberger Berman MLP and Energy Income Fund Inc. Common Stock,$5.55,-0.12,-2.116%,314457050.00,,2013,200816,Finance,Finance/Investors Services
NNVC,NanoViricides Inc. Common Stock,$2.95,-0.06,-1.993%,33998750.00,United States,,71118,Health Care,Biotechnology: Pharmaceutical Preparations
NOG,Northern Oil and Gas Inc. Common Stock,$22.74,-0.50,-2.151%,1755416324.00,United States,,398478,Energy,Oil & Gas Production
NRO,Neuberger Berman Real Estate Securities Income Fund Inc. Neuberger Berman Real Estate Securities Income Fund Inc.,$5.19,0.01,0.193%,246225610.00,United States,2003,60621,Finance,Finance/Investors Services
NTIP,Network-1 Technologies Inc. Common Stock,$2.72,-0.04,-1.449%,65550991.00,United States,,2663,,
NXE,Nexgen Energy Ltd. Common Shares,$4.64,-0.21,-4.33%,2212404966.00,,,2046970,,
OGEN,Oragenics Inc. Common Stock,$0.4881,-0.012,-2.40%,56812305.00,United States,,551171,Health Care,Biotechnology: Pharmaceutical Preparations
OPTT,Ocean Power Technologies Inc. Common Stock,$1.32,-0.03,-2.222%,73752588.00,United States,2007,441613,Capital Goods,Industrial Machinery/Components
ORLA,Orla Mining Ltd. Common Shares,$3.62,-0.13,-3.467%,896311833.00,,2020,25865,,
OZ,Belpointe PREP LLC Class A Units,$91.09,0.08,0.088%,0.00,,,14121,,
PCG^A,Pacific Gas & Electric Co. 6% Preferred Stock,$28.755,-0.085,-0.295%,,United States,,11819,,
PCG^B,Pacific Gas & Electric Co. 5 1/2% Preferred Stock,$26.85,0.00,0.00%,,United States,,1379,,
PCG^D,Pacific Gas & Electric Co. 5% 1st  Red. Preferred Stock,$24.99,0.275,1.113%,,United States,,1010,,
PCG^E,Pacific Gas & Electric Co. 5% 1st A Preferred Stock,$24.40,0.00,0.00%,,United States,,1,,
PCG^G,Pacific Gas & Electric Co. 4.80% 1st Preferred Stock,$24.23,0.71,3.019%,,United States,,1702,,
PCG^H,Pacific Gas & Electric Co. 4.50% 1st Preferred Stock,$22.50,-0.10,-0.442%,,United States,,1470,,
PCG^I,Pacific Gas & Electric Co. 4.36% 1st Preferred Stock,$24.616,1.11,4.722%,,United States,,227,,
PED,Pedevco Corp. Common Stock,$1.17,-0.07,-5.645%,98525938.00,United States,,468560,,
PHGE,BiomX Inc. COmmon Stock,$1.65,-0.07,-4.07%,47159028.00,,2019,40413,Health Care,Biotechnology: Pharmaceutical Preparations
PLAG,Planet Green Holdings Corp. Common Stock,$0.7071,-0.081,-10.278%,25159983.00,China,,1625044,,
PLG,Platinum Group Metals Ltd. Ordinary Shares (Canada),$1.67,-0.03,-1.765%,133141709.00,Canada,,570649,,
PLM,Polymet Mining Corporation Ordinary Shares (Canada),$2.53,0.02,0.797%,255219620.00,Canada,,223344,,
PLX,Protalix BioTherapeutics Inc. (DE) Common Stock,$0.885,-0.0246,-2.704%,40317633.00,Israel,,106961,Health Care,Biotechnology: Biological Products (No Diagnostic Substances)
PLYM^A,Plymouth Industrial REIT Inc. 7.50% Series A Cumulative Redeemable Preferred Stock,$26.19,0.09,0.345%,,United States,,203,,
PRK,Park National Corporation Common Stock,$140.14,1.13,0.813%,2273010820.00,United States,,13111,Finance,Major Banks
PTN,Palatin Technologies Inc. Common Stock,$0.43,-0.0116,-2.627%,99478467.00,United States,,1799352,Health Care,Biotechnology: Pharmaceutical Preparations
PW,Power REIT (MD) Common Stock,$80.05,2.38,3.064%,265960762.00,United States,,72854,Consumer Services,Real Estate Investment Trusts
PW^A,Power REIT 7.75% Series A Cumulative Perpetual Preferred Stock,$26.10,0.00,0.00%,,United States,,1290,,
PZG,Paramount Gold Nevada Corp. Common Stock,$0.70,0.00,0.00%,28367606.00,United States,2015,53558,Basic Industries,Precious Metals
RCG,RENN Fund Inc Common Stock,$2.4839,-0.0461,-1.822%,14784064.00,United States,,10543,Finance,Investment Managers
RCOR,Renovacor Inc. Common Stock,$7.80,0.05,0.645%,134597128.00,,2020,2156,Health Care,Biotechnology: Pharmaceutical Preparations
REI,Ring Energy Inc. Common Stock,$2.75,-0.05,-1.786%,274010446.00,United States,,1809693,Energy,Oil & Gas Production
REPX,Riley Exploration Permian Inc. Common Stock,$27.43,2.14,8.462%,534065008.00,United States,,35598,Energy,Oil & Gas Production
RHE,Regional Health Properties Inc. Common Stock,$3.64,-0.20,-5.208%,6459562.00,,2017,22460,Health Care,Hospital/Nursing Management
RHE^A,Regional Health Properties Inc. 10.875% Series A Cumulative Redeemable Preferred Stock,$4.4999,-0.0001,-0.002%,,,,100,,
RLGT,Radiant Logistics Inc. Common Stock,$6.88,-0.04,-0.578%,342110511.00,United States,,47205,Transportation,Oil Refining/Marketing
RMED,Ra Medical Systems Inc. Common Stock,$1.41,-0.06,-4.082%,9911969.00,,2018,78899,Health Care,Medical/Dental Instruments
RVP,Retractable Technologies Inc. Common Stock,$6.30,-0.21,-3.226%,212714983.00,United States,,169784,Health Care,Medical/Dental Instruments
SACC,Sachem Capital Corp. 6.875% Notes due 2024,$25.2791,-0.0459,-0.181%,0.00,United States,2019,4571,Consumer Services,Real Estate Investment Trusts
SACH,Sachem Capital Corp. Common Shares,$6.31,-0.05,-0.786%,200001640.00,United States,2017,419610,Consumer Services,Real Estate Investment Trusts
SACH^A,Sachem Capital Corp. 7.75% Series A Cumulative Redeemable Preferred Stock,$25.35,-0.07,-0.275%,,United States,,4920,,
SBEV,Splash Beverage Group Inc. (NV) Common Stock,$1.91,0.11,6.111%,62301784.00,,2021,3542134,Consumer Non-Durables,Beverages (Production/Distribution)
SCCB,Sachem Capital Corp. 7.125% Notes due 2024,$25.34,0.00,0.00%,0.00,United States,2019,800,Consumer Services,Real Estate Investment Trusts
SCCC,Sachem Capital Corp. 7.75% Notes due 2025,$25.6326,0.0226,0.088%,0.00,United States,2020,2672,Consumer Services,Real Estate Investment Trusts
SCCD,Sachem Capital Corp. 6.00% Notes due 2026,$25.25,0.09,0.358%,0.00,United States,,16557,Consumer Services,Real Estate Investment Trusts
SDPI,Superior Drilling Products Inc. Common Stock,$0.833,-0.016,-1.885%,23464849.00,,2014,74216,Energy,Metal Fabrications
SEB,Seaboard Corporation Common Stock,$4019.99,10.00,0.249%,4666319972.00,United States,1996,657,,
SENS,Senseonics Holdings Inc. Common Stock,$2.78,-0.10,-3.472%,1239831825.00,United States,,6782202,Health Care,Medical Specialities
SIF,SIFCO Industries Inc. Common Stock,$6.89,0.2566,3.868%,41456923.00,United States,,3229,Capital Goods,Office Equipment/Supplies/Services
SILV,SilverCrest Metals Inc. Common Shares,$7.76,-0.17,-2.144%,1126352857.00,,2018,364711,Capital Goods,Industrial Machinery/Components
SIM,Grupo Simec S.A.B. de C.V. American Depositary Shares,$26.45,-0.54,-2.001%,4080172345.00,Mexico,1993,7516,Basic Industries,Aluminum
SLI,Standard Lithium Ltd. Common Shares,$7.20,-0.78,-9.774%,1158584522.00,,2021,2894277,,
SMTS,Sierra Metals Inc. Common Stock,$1.29,0.00,0.00%,210786000.00,,,227264,,
SNMP,Evolve Transition Infrastructure LP Common Stock,$0.4519,-0.0681,-13.096%,51591262.00,United States,,1430219,Energy,Oil & Gas Production
SSY,SunLink Health Systems Inc. Common Stock,$1.47,-0.015,-1.01%,10222602.00,United States,,27402,Health Care,Medical/Nursing Services
STXS,Stereotaxis Inc. Common Stock,$5.64,-0.17,-2.926%,420637054.00,United States,,111262,Health Care,Biotechnology: Electromedical & Electrotherapeutic Apparatus
SVM,Silvercorp Metals Inc. Common Shares,$3.63,-0.05,-1.359%,640857773.00,,,774678,,
SVT,Servotronics Inc. Common Stock,$14.26,0.26,1.857%,35531171.00,United States,,10348,Consumer Durables,Metal Fabrications
SYN,Synthetic Biologics Inc. Common Stock,$0.26,-0.0184,-6.609%,34331060.00,United States,,1693614,Health Care,Biotechnology: Pharmaceutical Preparations
TELL,Tellurian Inc. Common Stock,$3.08,-0.30,-8.876%,1475335591.00,United States,,13765126,Energy,Oil & Gas Production
TELZ,Tellurian Inc. 8.25% Senior Notes due 2028,$24.71,-0.29,-1.16%,0.00,United States,,15384,,
TGB,Taseko Mines Ltd. Common Stock,$2.05,-0.13,-5.963%,582110192.00,Canada,,3107840,,
THM,International Tower Hill Mines Ltd. Ordinary Shares (Canada),$0.84,-0.06,-6.667%,163722875.00,Canada,,55093,,
TKAT,Takung Art Co. Ltd. Common Stock,$3.80,0.30,8.571%,53037941.00,,,27114037,Consumer Services,Catalog/Specialty Distribution
TMBR,Timber Pharmaceuticals Inc. Common Stock,$0.3613,-0.0141,-3.756%,23049556.00,United States,2015,597413,Consumer Durables,Specialty Chemicals
TMP,Tompkins Financial Corporation Common Stock,$84.72,0.79,0.941%,1241927000.00,United States,,13086,Finance,Major Banks
TMQ,Trilogy Metals Inc. Common Stock,$1.60,-0.03,-1.84%,231122376.00,Canada,,199341,,
TPHS,Trinity Place Holdings Inc. Common Stock,$1.85,0.10,5.714%,67001624.00,,,8414,Consumer Services,Real Estate
TRT,Trio-Tech International Common Stock,$8.95,0.05,0.562%,35354111.00,United States,,214402,Technology,Industrial Machinery/Components
TRX,Tanzanian Gold Corporation Common Stock,$0.42,-0.002,-0.474%,107045634.00,Canada,,364571,,
UAMY,United States Antimony Corporation Common Stock,$0.4911,-0.0254,-4.918%,52114473.00,United States,,1044116,,
UAVS,AgEagle Aerial Systems Inc. Common Stock,$1.40,-0.04,-2.778%,105437776.00,United States,,1440478,,
UEC,Uranium Energy Corp. Common Stock,$3.28,-0.33,-9.141%,876591821.00,Canada,,9608298,Basic Industries,Other Metals and Minerals
UFAB,Unique Fabricating Inc. Common Stock,$2.0297,0.0297,1.485%,23814768.00,United States,2015,26021,Capital Goods,Auto Parts:O.E.M.
URG,Ur Energy Inc Common Shares (Canada),$1.30,-0.06,-4.412%,280817583.00,Canada,,1927850,,
USAS,Americas Gold and Silver Corporation Common Shares no par value,$0.8035,-0.0145,-1.773%,132085002.00,,2017,525298,,
UTG,Reaves Utility Income Fund Common Shares of Beneficial Interest,$34.30,0.09,0.263%,2236742925.00,United States,2004,232420,Finance,Investment Managers
UUU,Universal Security Instruments Inc. Common Stock,$2.94,-0.17,-5.466%,6799888.00,United States,,30495,Miscellaneous,Diversified Manufacture
UUUU,Energy Fuels Inc Ordinary Shares (Canada),$7.21,-0.80,-9.988%,1126650455.00,,,3823483,,
VCF,Delaware Investments Colorado Municipal Income Fund Inc  Common Stock,$14.21,-0.05,-0.351%,68735191.00,United States,1993,3597,Finance,Finance/Investors Services
VFL,Delaware Investments National Municipal Income Fund Common Stock,$13.64,-0.07,-0.511%,61767963.00,United States,1993,9112,Finance,Finance/Investors Services
VGZ,Vista Gold Corp Common Stock,$0.74,-0.0214,-2.811%,86720032.00,United States,,142527,,
VHAQ,Viveon Health Acquisition Corp. Common Stock,$10.04,-0.01,-0.10%,252568750.00,,2021,65823,,
VINE,Fresh Vine Wine Inc. Common Stock,$5.55,-1.43,-20.487%,67710072.00,,2021,1045581,Consumer Non-Durables,Beverages (Production/Distribution)
VKI,Invesco Advantage Municipal Income Trust II Common Shares of Beneficial Interest (DE),$11.78,-0.08,-0.675%,522932471.00,United States,,101418,Finance,Finance Companies
VMM,Delaware Investments Minnesota Municipal Income Fund II Inc. Common Stock,$14.05,-0.03,-0.213%,161644899.00,United States,1993,6486,Finance,Finance/Investors Services
VNRX,VolitionRX Limited Common Stock,$3.04,-0.03,-0.977%,162749929.00,Singapore,2015,57404,Health Care,Biotechnology: Biological Products (No Diagnostic Substances)
VOLT,Volt Information Sciences Inc. Common Stock,$3.36,0.12,3.704%,74186374.00,United States,,505179,Technology,Diversified Commercial Services
WBEV,Winc Inc. Common Stock,$7.26,-0.155,-2.09%,95535574.00,,2021,16261,Consumer Non-Durables,Beverages (Production/Distribution)
WLMS,Williams Industrial Services Group Inc. Common Stock,$3.30,0.05,1.538%,85521157.00,,2021,58484,Capital Goods,Engineering & Construction
WRN,Western Copper and Gold Corporation Common Stock,$1.64,0.06,3.797%,248338845.00,Canada,2011,233325,,
WTT,Wireless Telecom Group  Inc. Common Stock,$2.01,-0.07,-3.365%,45066578.00,United States,,7915,Capital Goods,Telecommunications Equipment
WWR,Westwater Resources Inc. Common Stock,$2.31,-0.06,-2.532%,81481238.00,United States,,534396,Basic Industries,Other Metals and Minerals
WYY,WidePoint Corporation Common Stock,$3.86,-0.04,-1.026%,34117174.00,United States,,35192,Technology,EDP Services
XPL,Solitario Zinc Corp. Common Stock,$0.50,0.0016,0.321%,31018200.00,United States,,45768,Basic Industries,Metal Mining
XTNT,Xtant Medical Holdings Inc. Common Stock,$0.6487,0.0097,1.518%,56304679.00,United States,,109476,Health Care,Medical Specialities
YCBD,cbdMD Inc. Common Stock,$1.04,-0.04,-3.704%,60602589.00,United States,2017,106070,Health Care,Biotechnology: Pharmaceutical Preparations
YCBD^A,cbdMD Inc. 8.0% Series A Cumulative Convertible Preferred Stock,$6.09,-0.30,-4.695%,,United States,,6253,,
ZDGE,Zedge Inc. Class B Common Stock ,$8.66,-0.22,-2.477%,124583314.00,,2016,138693,Technology,Internet and Information Services
ZOM,Zomedica Corp. Common Shares,$0.3351,-0.0169,-4.801%,328362703.00,United States,2017,9395642,,
